mean_fit_time,std_fit_time,mean_score_time,std_score_time,param_metric,params,split0_test_accuracy,split1_test_accuracy,split2_test_accuracy,split3_test_accuracy,split4_test_accuracy,mean_test_accuracy,std_test_accuracy,rank_test_accuracy,split0_test_auroc,split1_test_auroc,split2_test_auroc,split3_test_auroc,split4_test_auroc,mean_test_auroc,std_test_auroc,rank_test_auroc,split0_test_auprc,split1_test_auprc,split2_test_auprc,split3_test_auprc,split4_test_auprc,mean_test_auprc,std_test_auprc,rank_test_auprc
0.0032013893127441407,0.00024137643898795814,8.647805213928223,0.3942780175926064,manhattan,{'metric': 'manhattan'},0.8988998482549317,0.8988998482549317,0.8985204855842185,0.8962443095599393,0.9045902883156297,0.8994309559939302,0.002762843923525505,1,0.9089066901478455,0.9101946125587435,0.908047472755001,0.8993708853083853,0.9015794640794641,0.9056198249698877,0.004312757840819456,3,0.767826762477642,0.7685701829432725,0.7665244930305921,0.7463635367347801,0.7732257941829339,0.764502153873844,0.009346690007730033,3
0.003310871124267578,0.0003936738930827156,4.3338452816009525,0.22924837422431646,cosine,{'metric': 'cosine'},0.8983308042488619,0.8981411229135053,0.8981411229135053,0.8941578148710166,0.9028831562974203,0.898330804248862,0.002764406176363697,2,0.9085889568334531,0.916292634189912,0.912017151092493,0.9054783148533148,0.9112067596442596,0.9107167633226865,0.003605283442307383,2,0.7666953600924409,0.7698758211618764,0.7764383036717615,0.7540427146924018,0.777907793695001,0.7689919986626963,0.008537864387574251,2
0.0029889583587646485,2.8125147500412982e-05,4.641920185089111,0.14468900801908918,l2,{'metric': 'l2'},0.8981411229135053,0.8973823975720789,0.8979514415781487,0.8945371775417299,0.9036418816388467,0.898330804248862,0.0029556223339578798,2,0.9129331194868842,0.9185623127804339,0.9142116436427492,0.9079875548625549,0.9109042937167937,0.9129197848978832,0.0035184171314884367,1,0.7759182108619389,0.7724311702276319,0.7806273148770624,0.7591831047407991,0.7868198252225271,0.7749959251859918,0.00926273211555932,1
